<configuration>
    <property>
        <name>metastore.thrift.uris</name>
        <value>thrift://0.0.0.0:9083</value>
    </property>
    <property>
        <name>hive.metastore.uris</name>
        <value>thrift://0.0.0.0:9083</value>
    </property>
    <property>
        <name>metastore.thrift.port</name>
        <value>9083</value>
    </property>
    <property>
        <name>metastore.task.threads.always</name>
        <value>org.apache.hadoop.hive.metastore.events.EventCleanerTask,org.apache.hadoop.hive.metastore.MaterializationsCacheCleanerTask</value>
    </property>
    <property>
        <name>metastore.expression.proxy</name>
        <value>org.apache.hadoop.hive.metastore.DefaultPartitionExpressionProxy</value>
    </property>
    <property>
        <name>spark.sql.warehouse.dir</name>
        <value>s3a://spark/warehouse/</value>
    </property>
    <property>
        <name>hive.metastore.warehouse.dir</name>
        <value>s3a://spark/warehouse/</value>
    </property>
    <property>
        <name>metastore.warehouse.dir</name>
        <value>s3a://spark/warehouse/</value>
    </property>
    <property>
        <name>javax.jdo.option.ConnectionDriverName</name>
        <value>com.mysql.cj.jdbc.Driver</value>
    </property>
    <property>
        <name>javax.jdo.option.ConnectionURL</name>
        <value>jdbc:mysql://mariadb:3306/metastore_db</value>
    </property>
    <property>
        <name>javax.jdo.option.ConnectionUserName</name>
        <value>admin</value>
    </property>
    <property>
        <name>javax.jdo.option.ConnectionPassword</name>
        <value>admin</value>
    </property>
    <property>
        <name>fs.s3a.access.key</name>
        <value>accesskey</value>
    </property>
    <property>
        <name>fs.s3a.secret.key</name>
        <value>secretkey</value>
    </property>
    <property>
        <name>fs.s3a.endpoint</name>
        <value>http://minio:9000/</value>
    </property>
    <property>
        <name>fs.s3a.path.style.access</name>
        <value>true</value>
    </property>
    <property>
        <name>fs.s3a.multipart.size</name>
        <value>64M</value>
    </property>
    <property>
        <name>fs.s3a.multipart.threshold</name>
        <value>128M</value>
    </property>
    <property>
        <name>fs.s3a.multiobjectdelete.enable</name>
        <value>true</value>
        <description>When enabled, multiple single-object delete requests are replaced by    a single 'delete multiple objects'-request, reducing the number of requests.    Beware: legacy S3-compatible object stores might not support this request.        </description>
    </property>
    <property>
        <name>fs.s3a.impl</name>
        <value>org.apache.hadoop.fs.s3a.S3AFileSystem</value>
        <description>The implementation class of the S3A Filesystem</description>
    </property>
    <property>
        <name>fs.AbstractFileSystem.s3a.impl</name>
        <value>org.apache.hadoop.fs.s3a.S3A</value>
    </property>
    <property>
        <name>fs.s3a.connection.ssl.enabled</name>
        <value>false</value>
    </property>
    <property>
        <name>fs.s3a.user.agent.prefix</name>
        <value>Mozilla</value>
    </property>
    <property>
        <name>fs.defaultFS</name>
        <value>file:///data</value>
    </property>
    <property>
        <name>dfs.replication</name>
        <value>1</value>
    </property>
</configuration>